LOAN_ID,ACCOUNT_ID,`DATE`,AMOUNT,DURATION,PAYMENTS,STATUS
5314,1787,2016-07-05,96396,12,8033,Loan `Not` Paid
5316,1801,2016-07-11,165960,36,4610,Contract Finished
6863,9188,2016-07-17,127080,60,2118,Contract Finished
5325,1843,2016-07-23,105804,36,2939,Contract Finished
7240,11013,2016-07-29,274740,60,4579,Contract Finished
6687,8261,2016-08-04,87840,24,3660,Contract Finished
7284,11265,2016-08-10,52788,12,4399,Contract Finished
6111,5428,2016-08-16,174744,24,7281,Loan `Not` Paid
7235,10973,2016-08-22,154416,48,3217,Contract Finished
5997,4894,2016-08-28,117024,24,4876,Contract Finished
7121,10364,2016-09-03,21924,36,609,Contract Finished
6077,5270,2016-09-09,79608,24,3317,Contract Finished
6228,6034,2016-09-15,464520,60,7742,Loan `Not` Paid
6356,6701,2016-09-21,95400,36,2650,Contract Finished
5523,2705,2016-09-27,93888,36,2608,Contract Finished
6456,7123,2016-10-03,47016,12,3918,Contract Finished
7104,10320,2016-10-09,259740,60,4329,Contract Finished
6820,9034,2016-10-15,38148,12,3179,Contract Finished
6876,9236,2016-10-21,86616,12,7218,Contract Finished
7097,10266,2016-10-27,75624,24,3151,Loan `Not` Paid
4959,2,2016-11-02,80952,24,3373,Contract Finished
6499,7401,2016-11-08,80952,24,3373,Contract Finished
5479,2486,2016-11-14,24516,12,2043,Contract Finished
5170,1071,2016-11-20,253200,60,4220,Running contract
6721,8475,2016-11-26,21072,24,878,Contract Finished
7259,11111,2016-12-02,108144,36,3004,Contract Finished
5285,1603,2016-12-08,78936,12,6578,Contract Finished
5189,1166,2016-12-14,149040,48,3105,Contract Finished
6650,8073,2016-12-20,49320,12,4110,Loan `Not` Paid
7226,10940,2016-12-26,197748,36,5493,Contract Finished
6087,5313,2017-01-01,300660,60,5011,Running contract
7262,11135,2017-01-07,182628,36,5073,Contract Finished
5519,2694,2017-01-13,91632,12,7636,Contract Finished
6577,7753,2017-01-19,51696,24,2154,Contract Finished
6509,7445,2017-01-25,55368,24,2307,Contract Finished
6520,7485,2017-01-31,91200,24,3800,Contract Finished
6699,8330,2017-02-06,7656,24,319,Contract Finished
6336,6555,2017-02-12,212400,36,5900,Contract Finished
7055,10079,2017-02-18,167100,60,2785,Running contract
6103,5385,2017-02-24,149340,60,2489,Running contract
6202,5891,2017-03-02,65184,12,5432,Contract Finished
7066,10131,2017-03-08,215388,36,5983,Loan `Not` Paid
6696,8321,2017-03-14,89040,60,1484,Running contract
6072,5256,2017-03-20,193968,36,5388,Contract Finished
5130,813,2017-03-26,24312,12,2026,Contract Finished
5568,2933,2017-04-01,272520,60,4542,Running contract
6678,8173,2017-04-07,80340,12,6695,Contract Finished
6998,9833,2017-04-13,97632,12,8136,Contract Finished
6580,7769,2017-04-19,196080,48,4085,Contract Finished
6316,6473,2017-04-25,76908,12,6409,Loan `Not` Paid
6512,7454,2017-05-01,63312,48,1319,Contract Finished
6407,6930,2017-05-07,25944,24,1081,Contract Finished
5002,173,2017-05-13,104808,12,8734,Contract Finished
6647,8051,2017-05-19,208320,48,4340,Contract Finished
7137,10439,2017-05-25,151560,24,6315,Contract Finished
6903,9337,2017-05-31,52128,24,2172,Contract Finished
5918,4576,2017-06-06,300204,36,8339,Contract Finished
6642,8027,2017-06-12,77640,12,6470,Contract Finished
6210,5927,2017-06-18,87216,48,1817,Loan `Not` Paid
6279,6273,2017-06-24,87360,24,3640,Contract Finished
7249,11065,2017-06-30,69360,48,1445,Contract Finished
6736,8558,2017-07-06,288360,60,4806,Running contract
6112,5442,2017-07-12,174744,24,7281,Loan `Not` Paid
5319,1811,2017-07-18,239460,60,3991,Running contract
6596,7844,2017-07-24,91584,24,3816,Contract Finished
5837,4260,2017-07-30,244560,60,4076,Running contract
5657,3354,2017-08-05,4980,12,415,Contract Finished
5533,2762,2017-08-11,111384,24,4641,Contract Finished
6232,6051,2017-08-17,276660,36,7685,Loan `Not` Paid
6888,9265,2017-08-23,39576,12,3298,Contract Finished
6066,5228,2017-08-29,173808,24,7242,Contract Finished
5549,2824,2017-09-04,50460,60,841,Running contract
5060,426,2017-09-10,252060,60,4201,Client `in` debt
6004,4937,2017-09-16,143904,24,5996,Contract Finished
5126,790,2017-09-22,208128,48,4336,Loan `Not` Paid
7220,10911,2017-09-28,131292,36,3647,Contract Finished
6668,8129,2017-10-04,74736,36,2076,Contract Finished
5395,2176,2017-10-10,299088,36,8308,Loan `Not` Paid
6836,9093,2017-10-16,189300,60,3155,Running contract
6064,5215,2017-10-22,14628,12,1219,Contract Finished
6919,9403,2017-10-28,120888,36,3358,Contract Finished
6841,9104,2017-11-03,172080,48,3585,Contract Finished
6038,5120,2017-11-09,323472,48,6739,Contract Finished
6729,8519,2017-11-15,74688,12,6224,Contract Finished
7198,10788,2017-11-21,45768,12,3814,Contract Finished
6686,8260,2017-11-27,224604,36,6239,Contract Finished
5836,4259,2017-12-03,79632,24,3318,Contract Finished
7061,10105,2017-12-09,121896,24,5079,Contract Finished
5595,3050,2017-12-15,82896,12,6908,Contract Finished
5723,3674,2017-12-21,23628,12,1969,Contract Finished
6120,5481,2017-12-27,209184,48,4358,Contract Finished
6895,9307,2018-01-02,41904,12,3492,Contract Finished
5882,4427,2018-01-08,87816,12,7318,Contract Finished
5754,3834,2018-01-14,23052,12,1921,Contract Finished
6594,7824,2018-01-20,189696,24,7904,Loan `Not` Paid
6738,8566,2018-01-26,230220,36,6395,Loan `Not` Paid
6624,7965,2018-02-01,71460,12,5955,Contract Finished
6216,5952,2018-02-07,141240,24,5885,Contract Finished
6229,6040,2018-02-13,11736,24,489,Contract Finished
5887,4448,2018-02-19,192744,36,5354,Contract Finished
6808,8982,2018-02-25,227880,36,6330,Contract Finished
6297,6363,2018-03-03,17508,12,1459,Contract Finished
5161,1012,2018-03-09,98184,24,4091,Contract Finished
5390,2167,2018-03-15,170256,24,7094,Contract Finished
6150,5622,2018-03-21,83016,12,6918,Contract Finished
6223,5991,2018-03-27,61056,48,1272,Contract Finished
5032,290,2018-04-02,123696,48,2577,Contract Finished
6253,6148,2018-04-08,59760,24,2490,Contract Finished
6460,7133,2018-04-14,48672,36,1352,Contract Finished
6645,8041,2018-04-20,140400,36,3900,Contract Finished
5176,1106,2018-04-26,192552,24,8023,Loan `Not` Paid
5269,1527,2018-05-02,164052,36,4557,Loan `Not` Paid
5351,1978,2018-05-08,205200,36,5700,Contract Finished
5861,4337,2018-05-14,51408,24,2142,Contract Finished
5450,2345,2018-05-20,199680,60,3328,Running contract
7142,10451,2018-05-26,482940,60,8049,Client `in` debt
6306,6425,2018-06-01,36684,12,3057,Contract Finished
6272,6226,2018-06-07,398640,60,6644,Running contract
5044,344,2018-06-13,100980,60,1683,Running contract
5576,2962,2018-06-19,31248,12,2604,Contract Finished
7192,10738,2018-06-25,115992,36,3222,Contract Finished
5739,3747,2018-07-01,76380,12,6365,Contract Finished
6526,7523,2018-07-07,288468,36,8013,Contract Finished
5624,3166,2018-07-13,177744,48,3703,Client `in` debt
6244,6118,2018-07-19,270648,36,7518,Loan `Not` Paid
5131,816,2018-07-25,48624,24,2026,Contract Finished
6960,9640,2018-07-31,76416,24,3184,Contract Finished
6358,6715,2018-08-06,137880,60,2298,Client `in` debt
5418,2245,2018-08-12,347952,48,7249,Running contract
6598,7857,2018-08-18,68112,12,5676,Contract Finished
5464,2419,2018-08-24,95808,12,7984,Contract Finished
6591,7819,2018-08-30,20832,48,434,Running contract
5724,3678,2018-09-05,316140,60,5269,Client `in` debt
6315,6472,2018-09-11,43164,12,3597,Contract Finished
5876,4413,2018-09-17,221280,48,4610,Running contract
6986,9750,2018-09-23,151728,48,3161,Client `in` debt
6294,6353,2018-09-29,79920,60,1332,Running contract
5132,817,2018-10-05,538500,60,8975,Running contract
5877,4414,2018-10-11,97224,24,4051,Contract Finished
6227,6030,2018-10-17,28248,24,1177,Contract Finished
7241,11021,2018-10-23,168984,24,7041,Loan `Not` Paid
6737,8564,2018-10-29,76680,24,3195,Contract Finished
7004,9869,2018-11-04,331560,60,5526,Running contract
6169,5700,2018-11-10,103680,60,1728,Client `in` debt
5208,1247,2018-11-16,99696,48,2077,Client `in` debt
6694,8316,2018-11-22,134784,24,5616,Contract Finished
5599,3064,2018-11-28,15420,12,1285,Contract Finished
6546,7607,2018-12-04,31728,24,1322,Contract Finished
5414,2228,2018-12-10,185952,48,3874,Running contract
5453,2361,2018-12-16,156672,36,4352,Contract Finished
5740,3752,2018-12-22,18564,12,1547,Contract Finished
5804,4079,2018-12-28,158976,48,3312,Running contract
6745,8625,2019-01-03,47304,24,1971,Contract Finished
6950,9591,2019-01-09,104712,24,4363,Contract Finished
6996,9828,2019-01-15,126600,24,5275,Contract Finished
5352,1993,2019-01-21,68400,12,5700,Loan `Not` Paid
6151,5628,2019-01-27,225420,60,3757,Running contract
5310,1762,2019-02-02,248148,36,6893,Contract Finished
5045,347,2019-02-08,187224,24,7801,Loan `Not` Paid
6929,9472,2019-02-14,36396,12,3033,Contract Finished
5151,960,2019-02-20,189060,60,3151,Running contract
5212,1256,2019-02-26,71064,36,1974,Contract Finished
5138,854,2019-03-03,87216,48,1817,Running contract
5713,3629,2019-03-09,158760,60,2646,Running contract
6704,8377,2019-03-15,417060,60,6951,Running contract
6474,7190,2019-03-21,63360,60,1056,Running contract
6676,8159,2019-03-27,29784,24,1241,Contract Finished
6965,9656,2019-04-02,139536,24,5814,Contract Finished
6725,8489,2019-04-08,265320,36,7370,Contract Finished
7166,10630,2019-04-14,198240,24,8260,Contract Finished
7138,10440,2019-04-20,60000,60,1000,Running contract
5970,4774,2019-04-26,465072,48,9689,Running contract
6157,5650,2019-05-02,98592,24,4108,Contract Finished
6153,5632,2019-05-08,285600,60,4760,Running contract
5693,3489,2019-05-14,44088,24,1837,Contract Finished
5922,4580,2019-05-20,20220,12,1685,Contract Finished
5959,4727,2019-05-26,107640,24,4485,Contract Finished
5980,4825,2019-06-01,21396,12,1783,Contract Finished
6764,8776,2019-06-07,33984,48,708,Running contract
5237,1375,2019-06-13,45336,24,1889,Contract Finished
6726,8492,2019-06-19,85860,60,1431,Running contract
6933,9493,2019-06-25,188688,48,3931,Running contract
5145,915,2019-07-01,309552,48,6449,Running contract
7008,9897,2019-07-07,36168,12,3014,Contract Finished
7227,10942,2019-07-13,314520,60,5242,Running contract
6600,7861,2019-07-19,21852,36,607,Contract Finished
6712,8405,2019-07-25,266220,60,4437,Running contract
7057,10093,2019-07-31,231696,36,6436,Contract Finished
7176,10663,2019-08-06,260028,36,7223,Contract Finished
7304,11349,2019-08-12,419880,60,6998,Running contract
6362,6738,2019-08-18,37908,12,3159,Contract Finished
5880,4423,2019-08-24,73836,36,2051,Contract Finished
6535,7546,2019-08-30,41952,12,3496,Contract Finished
5449,2343,2019-09-05,99336,24,4139,Contract Finished
6342,6609,2019-09-11,60156,36,1671,Loan `Not` Paid
5409,2218,2019-09-17,182040,60,3034,Running contract
6955,9627,2019-09-23,244368,48,5091,Running contract
6985,9731,2019-09-29,113796,36,3161,Contract Finished
5125,789,2019-10-05,73056,48,1522,Running contract
5805,4081,2019-10-11,137904,24,5746,Loan `Not` Paid
6185,5774,2019-10-17,31176,24,1299,Contract Finished
7243,11042,2019-10-23,217152,36,6032,Contract Finished
6403,6924,2019-10-29,194880,48,4060,Running contract
6578,7765,2019-11-04,27984,12,2332,Contract Finished
5413,2227,2019-11-10,92976,24,3874,Contract Finished
6949,9583,2019-11-16,104712,24,4363,Contract Finished
6545,7606,2019-11-22,191880,60,3198,Running contract
6178,5742,2019-11-28,232560,48,4845,Running contract
5160,1011,2019-12-04,204000,60,3400,Running contract
6785,8899,2019-12-10,125340,60,2089,Running contract
6540,7562,2019-12-16,309600,48,6450,Running contract
6589,7815,2019-12-22,189696,24,7904,Contract Finished
5900,4503,2019-12-28,135360,48,2820,Running contract
5999,4907,2020-01-03,98832,48,2059,Running contract
6043,5126,2020-01-09,20352,48,424,Running contract
5482,2496,2020-01-15,165120,60,2752,Running contract
7263,11138,2020-01-21,89880,24,3745,Contract Finished
6013,4995,2020-01-27,128988,36,3583,Client `in` debt
5750,3804,2020-02-02,63252,12,5271,Contract Finished
6027,5066,2020-02-08,61656,24,2569,Loan `Not` Paid
6303,6400,2020-02-14,72408,24,3017,Loan `Not` Paid
7213,10884,2020-02-20,113544,36,3154,Running contract
6659,8092,2020-02-26,56100,60,935,Running contract
6175,5735,2020-03-04,290700,60,4845,Client `in` debt
5610,3112,2020-03-10,123216,48,2567,Running contract
5563,2912,2020-03-16,380160,60,6336,Running contract
5989,4852,2020-03-22,213300,36,5925,Running contract
6698,8327,2020-03-28,247728,48,5161,Running contract
5312,1772,2020-04-03,202788,36,5633,Running contract
7189,10728,2020-04-09,154656,48,3222,Running contract
6816,9017,2020-04-15,100224,48,2088,Client `in` debt
6137,5574,2020-04-21,44628,12,3719,Contract Finished
5128,808,2020-04-27,215616,48,4492,Client `in` debt
5470,2456,2020-05-03,200976,48,4187,Running contract
5593,3037,2020-05-09,277884,36,7719,Client `in` debt
5350,1967,2020-05-15,249312,48,5194,Running contract
6063,5213,2020-05-21,320976,48,6687,Client `in` debt
6501,7418,2020-05-27,30276,12,2523,Loan `Not` Paid
5452,2352,2020-06-02,49440,60,824,Running contract
4961,19,2020-06-08,30276,12,2523,Loan `Not` Paid
4973,67,2020-06-14,165960,24,6915,Contract Finished
6190,5794,2020-06-20,123600,60,2060,Running contract
6715,8411,2020-06-26,220620,60,3677,Running contract
5892,4462,2020-07-02,66480,24,2770,Loan `Not` Paid
6550,7614,2020-07-08,320592,48,6679,Running contract
5706,3608,2020-07-14,161496,36,4486,Running contract
5148,940,2020-07-20,284280,60,4738,Running contract
6734,8547,2020-07-26,173016,36,4806,Running contract
6109,5422,2020-08-01,368880,60,6148,Running contract
6961,9645,2020-08-07,176148,36,4893,Running contract
6810,9006,2020-08-13,186384,48,3883,Running contract
5494,2572,2020-08-19,360000,48,7500,Running contract
5311,1766,2020-08-25,30060,60,501,Running contract
5445,2322,2020-08-31,46320,24,1930,Contract Finished
5301,1698,2020-09-06,141948,36,3943,Running contract
7034,10001,2020-09-12,19044,36,529,Running contract
6751,8680,2020-09-18,85716,36,2381,Running contract
6667,8127,2020-09-24,155880,24,6495,Contract Finished
6130,5541,2020-09-30,32640,48,680,Running contract
5429,2268,2020-10-06,20196,36,561,Running contract
5725,3679,2020-10-12,444864,48,9268,Running contract
6019,5033,2020-10-18,11400,12,950,Contract Finished
6421,6985,2020-10-24,96768,36,2688,Running contract
6992,9790,2020-10-30,133968,48,2791,Running contract
5136,846,2020-11-05,187104,24,7796,Contract Finished
5337,1886,2020-11-11,162468,36,4513,Running contract
5495,2580,2020-11-17,89340,60,1489,Running contract
7013,9928,2020-11-23,89340,60,1489,Running contract
6012,4994,2020-11-29,258444,36,7179,Running contract
6471,7184,2020-12-05,155640,24,6485,Contract Finished
6296,6358,2020-12-11,270384,48,5633,Running contract
7305,11359,2020-12-17,54024,12,4502,Contract Finished
6144,5593,2020-12-23,44376,12,3698,Contract Finished
6283,6289,2020-12-29,85632,48,1784,Running contract
7246,11054,2021-01-04,148920,60,2482,Running contract
5088,544,2021-01-10,91152,24,3798,Contract Finished
5988,4851,2021-01-16,141648,24,5902,Contract Finished
5282,1583,2021-01-22,388512,48,8094,Client `in` debt
5938,4650,2021-01-28,402000,60,6700,Running contract
5606,3084,2021-02-03,253512,36,7042,Client `in` debt
5385,2143,2021-02-09,71460,36,1985,Running contract
6865,9199,2021-02-15,29448,12,2454,Loan `Not` Paid
5586,2994,2021-02-21,48744,36,1354,Running contract
6302,6397,2021-02-27,181020,60,3017,Running contract
7194,10762,2021-03-05,68832,36,1912,Running contract
6461,7136,2021-03-11,74124,36,2059,Running contract
6732,8533,2021-03-17,174048,48,3626,Running contract
6613,7926,2021-03-23,84120,24,3505,Contract Finished
7036,10019,2021-03-29,194940,36,5415,Running contract
5897,4476,2021-04-04,15192,24,633,Contract Finished
6995,9814,2021-04-10,96168,12,8014,Contract Finished
5415,2236,2021-04-16,139464,36,3874,Client `in` debt
7136,10436,2021-04-22,54396,36,1511,Running contract
7271,11186,2021-04-28,392460,60,6541,Running contract
5375,2106,2021-05-04,101520,12,8460,Contract Finished
5635,3230,2021-05-10,77184,36,2144,Running contract
6817,9024,2021-05-16,70656,48,1472,Running contract
5923,4585,2021-05-22,64656,48,1347,Running contract
5329,1862,2021-05-28,396120,60,6602,Running contract
6644,8039,2021-06-03,93600,24,3900,Contract Finished
6354,6688,2021-06-09,22968,36,638,Running contract
5082,501,2021-06-15,262980,60,4383,Running contract
6585,7795,2021-06-21,372120,60,6202,Running contract
6921,9422,2021-06-27,86184,12,7182,Contract Finished
5366,2062,2021-07-03,86184,12,7182,Contract Finished
5886,4447,2021-07-09,192744,36,5354,Running contract
5741,3754,2021-07-15,68544,24,2856,Contract Finished
4996,132,2021-07-21,88440,12,7370,Contract Finished
6015,5001,2021-07-27,110112,24,4588,Contract Finished
6309,6434,2021-08-02,110136,24,4589,Contract Finished
6073,5263,2021-08-08,276300,60,4605,Running contract
6006,4948,2021-08-14,359760,60,5996,Running contract
5611,3115,2021-08-20,321180,60,5353,Running contract
6944,9548,2021-08-26,46176,48,962,Running contract
7101,10297,2021-09-01,421008,48,8771,Running contract
6599,7859,2021-09-07,72120,12,6010,Contract Finished
6940,9510,2021-09-13,228276,36,6341,Running contract
5209,1250,2021-09-19,182640,48,3805,Running contract
5388,2153,2021-09-25,61560,12,5130,Contract Finished
6011,4981,2021-10-01,179328,48,3736,Running contract
5591,3021,2021-10-07,155616,48,3242,Running contract
7154,10520,2021-10-13,417600,60,6960,Running contract
7130,10411,2021-10-19,123408,24,5142,Contract Finished
6818,9030,2021-10-25,155616,48,3242,Running contract
5625,3189,2021-10-31,222180,60,3703,Client `in` debt
6805,8972,2021-11-06,45024,48,938,Running contract
7233,10963,2021-11-12,115812,36,3217,Running contract
7308,11362,2021-11-18,129408,24,5392,Contract Finished
5895,4473,2021-11-24,93960,60,1566,Running contract
7122,10365,2021-11-30,260640,36,7240,Client `in` debt
6173,5724,2021-12-06,232560,48,4845,Running contract
6142,5591,2021-12-12,221880,60,3698,Running contract
5358,2018,2021-12-18,38520,12,3210,Contract Finished
6095,5358,2021-12-24,68340,60,1139,Running contract
6878,9242,2021-12-30,23184,12,1932,Contract Finished
6554,7637,2022-01-05,390096,48,8127,Running contract
6793,8931,2022-01-11,186300,60,3105,Running contract
7286,11271,2022-01-17,67320,36,1870,Running contract
6076,5269,2022-01-23,117420,60,1957,Running contract
5134,825,2022-01-29,53076,12,4423,Contract Finished
5419,2246,2022-02-04,415800,60,6930,Running contract
6255,6158,2022-02-10,247920,48,5165,Client `in` debt
5656,3353,2022-02-16,146064,24,6086,Running contract
6934,9494,2022-02-22,116832,12,9736,Contract Finished
6028,5072,2022-02-28,317520,60,5292,Running contract
6490,7262,2022-03-06,73260,60,1221,Running contract
6415,6950,2022-03-12,475680,48,9910,Running contract
7087,10215,2022-03-18,44304,24,1846,Running contract
5420,2247,2022-03-24,72504,24,3021,Running contract
5977,4803,2022-03-30,59136,48,1232,Running contract
6824,9052,2022-04-05,71976,24,2999,Client `in` debt
5207,1244,2022-04-11,35904,48,748,Running contract
7115,10351,2022-04-17,88704,48,1848,Running contract
7250,11069,2022-04-23,119136,48,2482,Running contract
6010,4969,2022-04-29,150180,60,2503,Running contract
6088,5317,2022-05-05,90180,36,2505,Running contract
5682,3455,2022-05-11,67464,12,5622,Contract Finished
7201,10807,2022-05-17,67464,12,5622,Contract Finished
6938,9504,2022-05-23,341280,60,5688,Running contract
6875,9235,2022-05-29,83280,48,1735,Running contract
5953,4715,2022-06-04,97176,24,4049,Running contract
5942,4681,2022-06-10,162624,48,3388,Running contract
5382,2134,2022-06-16,22932,36,637,Running contract
6377,6792,2022-06-22,17184,12,1432,Contract Finished
5931,4618,2022-06-28,66696,24,2779,Client `in` debt
5992,4863,2022-07-04,76080,12,6340,Contract Finished
5790,4033,2022-07-10,84288,48,1756,Running contract
6753,8688,2022-07-16,67980,12,5665,Contract Finished
6562,7674,2022-07-22,94488,24,3937,Running contract
7046,10049,2022-07-28,91632,12,7636,Contract Finished
5868,4361,2022-08-03,90156,12,7513,Contract Finished
5784,3967,2022-08-09,84600,36,2350,Client `in` debt
5878,4415,2022-08-15,74040,12,6170,Contract Finished
5110,675,2022-08-21,102240,60,1704,Running contract
5210,1252,2022-08-27,148140,36,4115,Running contract
7230,10954,2022-09-02,18720,60,312,Running contract
5005,176,2022-09-08,27456,12,2288,Contract Finished
6871,9225,2022-09-14,164256,48,3422,Running contract
5363,2051,2022-09-20,293880,60,4898,Client `in` debt
7253,11079,2022-09-26,98304,12,8192,Contract Finished
6055,5181,2022-10-02,399120,60,6652,Running contract
5072,472,2022-10-08,196800,24,8200,Client `in` debt
6913,9377,2022-10-14,99936,24,4164,Running contract
6386,6856,2022-10-20,124344,36,3454,Running contract
5634,3229,2022-10-26,39024,12,3252,Contract Finished
5758,3859,2022-11-01,307200,60,5120,Client `in` debt
6819,9031,2022-11-07,50112,24,2088,Running contract
7088,10233,2022-11-13,239160,60,3986,Running contract
5039,314,2022-11-19,66840,24,2785,Running contract
5532,2754,2022-11-25,335280,48,6985,Running contract
6037,5118,2022-12-01,53232,48,1109,Running contract
6322,6510,2022-12-07,76992,24,3208,Running contract
6887,9263,2022-12-13,39576,12,3298,Contract Finished
6660,8094,2022-12-19,220428,36,6123,Running contract
5451,2350,2022-12-25,159744,48,3328,Running contract
6014,4999,2022-12-31,165168,36,4588,Running contract
5556,2872,2023-01-06,268320,60,4472,Running contract
6346,6649,2023-01-12,100260,60,1671,Running contract
5850,4293,2023-01-18,164196,36,4561,Running contract
5940,4660,2023-01-24,106944,24,4456,Running contract
7119,10361,2023-01-30,86880,12,7240,Contract Finished
5253,1447,2023-02-05,100080,48,2085,Running contract
6851,9138,2023-02-11,272220,60,4537,Client `in` debt
6695,8320,2023-02-17,309660,60,5161,Running contract
6908,9353,2023-02-23,188616,24,7859,Running contract
7255,11096,2023-02-28,213300,60,3555,Running contract
5674,3418,2023-03-06,207264,48,4318,Running contract
6278,6265,2023-03-12,87360,24,3640,Running contract
5486,2516,2023-03-18,466608,48,9721,Running contract
5174,1093,2023-03-24,385104,48,8023,Running contract
6621,7957,2023-03-30,42900,12,3575,Contract Finished
6313,6461,2023-04-05,150912,36,4192,Running contract
6435,7045,2023-04-11,288720,48,6015,Running contract
6970,9677,2023-04-17,31620,60,527,Running contract
6310,6440,2023-04-23,34572,12,2881,Contract Finished
5932,4626,2023-04-29,33348,12,2779,Contract Finished
6877,9241,2023-05-05,285240,60,4754,Running contract
6763,8772,2023-05-11,88272,48,1839,Running contract
7085,10202,2023-05-17,305424,48,6363,Running contract
7049,10063,2023-05-23,233424,36,6484,Running contract
6959,9633,2023-05-29,59448,24,2477,Client `in` debt
5214,1270,2023-06-04,74772,36,2077,Running contract
6350,6678,2023-06-10,294384,48,6133,Running contract
5063,442,2023-06-16,357840,48,7455,Client `in` debt
5041,319,2023-06-22,369000,60,6150,Running contract
5086,525,2023-06-28,210384,48,4383,Running contract
6942,9513,2023-07-04,18324,12,1527,Contract Finished
5270,1528,2023-07-10,191088,48,3981,Running contract
6705,8381,2023-07-16,333648,48,6951,Client `in` debt
7051,10068,2023-07-22,77808,12,6484,Contract Finished
6758,8742,2023-07-28,33144,12,2762,Contract Finished
6249,6138,2023-08-03,67608,24,2817,Running contract
5808,4099,2023-08-09,41856,48,872,Running contract
5377,2116,2023-08-15,92400,12,7700,Contract Finished
5446,2334,2023-08-21,48312,24,2013,Running contract
5856,4320,2023-08-27,51360,12,4280,Loan `Not` Paid
4986,97,2023-09-02,102876,12,8573,Contract Finished
7001,9859,2023-09-08,300600,60,5010,Running contract
6677,8169,2023-09-14,97980,60,1633,Running contract
6665,8114,2023-09-20,99300,60,1655,Running contract
5817,4127,2023-09-26,100800,24,4200,Client `in` debt
6984,9730,2023-10-02,116040,60,1934,Running contract
6541,7565,2023-10-08,153504,48,3198,Running contract
5117,718,2023-10-14,76944,12,6412,Contract Finished
6097,5362,2023-10-20,202848,48,4226,Running contract
5389,2165,2023-10-26,78600,24,3275,Running contract
7219,10905,2023-11-01,57120,48,1190,Running contract
6338,6592,2023-11-07,390660,60,6511,Running contract
6922,9424,2023-11-13,83628,36,2323,Running contract
5367,2064,2023-11-19,83628,36,2323,Running contract
5638,3249,2023-11-25,68124,12,5677,Contract Finished
5830,4190,2023-12-01,405780,60,6763,Running contract
5338,1888,2023-12-07,57360,12,4780,Loan `Not` Paid
6007,4949,2023-12-13,289920,48,6040,Running contract
6612,7907,2023-12-19,97392,12,8116,Contract Finished
5718,3637,2023-12-25,14028,12,1169,Contract Finished
6104,5395,2023-12-31,158184,36,4394,Running contract
5229,1329,2024-01-06,23520,12,1960,Contract Finished
6625,7966,2024-01-12,473280,60,7888,Client `in` debt
5206,1242,2024-01-18,128544,24,5356,Running contract
5963,4746,2024-01-24,204780,60,3413,Running contract
4990,110,2024-01-30,162576,36,4516,Running contract
6641,8026,2024-02-05,128268,36,3563,Running contract
5369,2080,2024-02-11,214596,36,5961,Running contract
6196,5837,2024-02-17,177804,36,4939,Running contract
5236,1374,2024-02-23,389136,48,8107,Running contract
5719,3664,2024-03-01,271584,48,5658,Running contract
5643,3273,2024-03-07,94512,12,7876,Loan `Not` Paid
7050,10065,2024-03-13,311232,48,6484,Running contract
6355,6699,2024-03-19,127200,48,2650,Running contract
6688,8268,2024-03-25,8616,24,359,Running contract
6239,6083,2024-03-31,360864,48,7518,Client `in` debt
5531,2753,2024-04-06,66432,24,2768,Running contract
6113,5445,2024-04-12,78696,36,2186,Running contract
7181,10679,2024-04-18,197808,24,8242,Running contract
6118,5477,2024-04-24,349392,48,7279,Running contract
7264,11141,2024-04-30,44940,12,3745,Contract Finished
5343,1906,2024-05-06,44952,24,1873,Running contract
5051,378,2024-05-12,230400,60,3840,Running contract
5779,3942,2024-05-18,107352,36,2982,Running contract
6605,7890,2024-05-24,79344,48,1653,Running contract
6655,8085,2024-05-30,260400,60,4340,Client `in` debt
6534,7542,2024-06-05,590820,60,9847,Running contract
5681,3448,2024-06-11,68664,24,2861,Running contract
6607,7894,2024-06-17,153144,36,4254,Running contract
6242,6097,2024-06-23,26208,36,728,Running contract
7242,11027,2024-06-29,48096,24,2004,Running contract
7277,11231,2024-07-05,89280,12,7440,Contract Finished
6675,8158,2024-07-11,238716,36,6631,Running contract
5398,2187,2024-07-17,53472,12,4456,Contract Finished
5956,4725,2024-07-23,168264,36,4674,Running contract
5731,3711,2024-07-29,460980,60,7683,Client `in` debt
6956,9631,2024-08-04,59448,24,2477,Running contract
6437,7052,2024-08-10,63972,36,1777,Client `in` debt
5447,2335,2024-08-16,541200,60,9020,Client `in` debt
5973,4784,2024-08-22,219456,48,4572,Running contract
6075,5267,2024-08-28,129312,24,5388,Client `in` debt
5281,1580,2024-09-03,194256,24,8094,Running contract
5103,666,2024-09-09,12540,12,1045,Contract Finished
6468,7176,2024-09-15,203940,60,3399,Running contract
7209,10857,2024-09-21,385560,60,6426,Client `in` debt
5584,2986,2024-09-27,24792,24,1033,Running contract
4988,103,2024-10-03,265320,36,7370,Client `in` debt
6502,7424,2024-10-09,30276,12,2523,Contract Finished
5651,3329,2024-10-15,19248,12,1604,Contract Finished
4962,25,2024-10-21,30276,12,2523,Contract Finished
5862,4342,2024-10-27,100128,24,4172,Running contract
7199,10789,2024-11-02,45768,12,3814,Contract Finished
6727,8505,2024-11-08,42840,12,3570,Contract Finished
7279,11244,2024-11-14,155760,24,6490,Running contract
6544,7594,2024-11-20,130464,48,2718,Running contract
5933,4631,2024-11-26,87528,24,3647,Running contract
6574,7745,2024-12-02,77544,36,2154,Running contract
6399,6902,2024-12-08,49320,36,1370,Running contract
7187,10711,2024-12-14,24180,60,403,Running contract
6353,6686,2024-12-20,116496,24,4854,Running contract
5043,339,2024-12-26,468060,60,7801,Running contract
5469,2445,2025-01-01,293160,60,4886,Running contract
5976,4794,2025-01-07,465504,48,9698,Client `in` debt
6059,5196,2025-01-13,79824,12,6652,Contract Finished
5799,4052,2025-01-19,106128,36,2948,Running contract
6147,5602,2025-01-25,177504,48,3698,Running contract
6254,6157,2025-01-31,247920,48,5165,Running contract
7100,10280,2025-02-06,348120,60,5802,Running contract
7147,10478,2025-02-12,267600,48,5575,Running contract
5909,4550,2025-02-18,61320,60,1022,Running contract
7037,10022,2025-02-24,218064,48,4543,Running contract
5782,3953,2025-03-02,63576,12,5298,Running contract
6237,6075,2025-03-08,407952,48,8499,Client `in` debt
6552,7632,2025-03-14,170448,48,3551,Running contract
7067,10134,2025-03-20,136368,24,5682,Running contract
5320,1819,2025-03-26,143676,36,3991,Running contract
5930,4616,2025-04-01,66696,24,2779,Running contract
6486,7240,2025-04-07,152160,60,2536,Running contract
5245,1407,2025-04-13,125472,24,5228,Running contract
6643,8038,2025-04-19,35856,24,1494,Running contract
5260,1480,2025-04-25,123300,36,3425,Running contract
5569,2936,2025-05-01,504000,60,8400,Running contract
7110,10345,2025-05-07,31260,12,2605,Running contract
7139,10445,2025-05-13,23412,12,1951,Running contract
6791,8926,2025-05-19,566640,60,9444,Running contract
5360,2035,2025-05-25,176328,36,4898,Running contract
5287,1638,2025-05-31,64224,24,2676,Running contract
6553,7636,2025-06-06,42384,12,3532,Running contract
7072,10148,2025-06-12,22104,12,1842,Running contract
6044,5133,2025-06-18,57060,12,4755,Running contract
5332,1869,2025-06-24,37944,36,1054,Running contract
6866,9201,2025-06-30,122472,24,5103,Running contract
6633,7997,2025-07-06,160656,24,6694,Running contract
6926,9455,2025-07-12,374760,60,6246,Running contract
6442,7082,2025-07-18,194160,48,4045,Running contract
5889,4456,2025-07-24,321240,60,5354,Running contract
5765,3875,2025-07-30,153936,24,6414,Running contract
5124,785,2025-08-05,156096,36,4336,Running contract
5491,2545,2025-08-11,428784,48,8933,Running contract
6730,8523,2025-08-17,93036,12,7753,Running contract
7151,10493,2025-08-23,133800,24,5575,Running contract
5140,873,2025-08-29,178500,60,2975,Running contract
7171,10650,2025-09-04,196224,48,4088,Running contract
6568,7713,2025-09-10,220440,60,3674,Running contract
6861,9179,2025-09-16,215040,60,3584,Running contract
6855,9153,2025-09-22,52236,36,1451,Running contract
7129,10404,2025-09-28,194280,60,3238,Running contract
5384,2142,2025-10-04,23328,12,1944,Running contract
6859,9167,2025-10-10,272220,60,4537,Running contract
5772,3906,2025-10-16,334620,60,5577,Running contract
5665,3390,2025-10-22,40632,12,3386,Running contract
6495,7274,2025-10-28,49044,12,4087,Running contract
5061,440,2025-11-03,84288,48,1756,Running contract
6948,9560,2025-11-09,157068,36,4363,Running contract
5773,3907,2025-11-15,133848,24,5577,Running contract
6052,5164,2025-11-21,22356,36,621,Running contract
6682,8225,2025-11-27,36204,12,3017,Client `in` debt
6083,5305,2025-12-03,240528,48,5011,Running contract
6962,9646,2025-12-09,279072,48,5814,Running contract
5158,1004,2025-12-15,188532,36,5237,Running contract
6464,7156,2025-12-21,49488,24,2062,Running contract
5172,1083,2025-12-27,50976,36,1416,Running contract
5582,2982,2026-01-02,41256,12,3438,Running contract
6136,5572,2026-01-08,140880,60,2348,Running contract
6235,6062,2026-01-14,321360,60,5356,Running contract
6508,7437,2026-01-20,110736,48,2307,Running contract
4968,38,2026-01-26,110736,48,2307,Running contract
6632,7990,2026-02-01,144960,48,3020,Running contract
7195,10774,2026-02-07,339168,48,7066,Running contract
5525,2720,2026-02-13,93888,36,2608,Running contract
6320,6495,2026-02-19,104964,12,8747,Running contract
6766,8784,2026-02-25,74352,24,3098,Running contract
6872,9227,2026-03-03,191580,60,3193,Running contract
5906,4533,2026-03-09,81144,36,2254,Running contract
7172,10652,2026-03-15,45720,12,3810,Running contract
6571,7733,2026-03-21,140064,24,5836,Running contract
5616,3143,2026-03-27,130896,24,5454,Running contract
6312,6453,2026-04-02,10944,36,304,Running contract
6470,7181,2026-04-08,49872,12,4156,Running contract
5147,938,2026-04-14,22260,60,371,Running contract
5501,2622,2026-04-20,136344,24,5681,Running contract
6436,7049,2026-04-26,495180,60,8253,Running contract
5699,3562,2026-05-02,174960,24,7290,Running contract
5313,1776,2026-05-08,43200,24,1800,Running contract
6234,6061,2026-05-14,5148,12,429,Running contract
6569,7721,2026-05-20,45456,12,3788,Running contract
7202,10812,2026-05-26,140688,48,2931,Running contract
5683,3460,2026-06-01,140688,48,2931,Running contract
5034,303,2026-06-07,112752,36,3132,Running contract
5435,2279,2026-06-13,314688,48,6556,Running contract
5815,4116,2026-06-19,151200,36,4200,Running contract
5589,3005,2026-06-25,390000,48,8125,Running contract
6746,8639,2026-07-01,185640,60,3094,Running contract
6790,8919,2026-07-07,76104,24,3171,Running contract
6857,9159,2026-07-13,69600,48,1450,Running contract
6450,7099,2026-07-19,234336,48,4882,Running contract
7221,10915,2026-07-25,152460,60,2541,Running contract
5527,2728,2026-07-31,156420,60,2607,Running contract
5620,3161,2026-08-06,30012,12,2501,Running contract
6215,5944,2026-08-12,78720,48,1640,Running contract
7167,10644,2026-08-18,269964,36,7499,Running contract
5823,4144,2026-08-24,212976,36,5916,Running contract
6207,5912,2026-08-30,184620,60,3077,Running contract
6932,9491,2026-09-05,225504,48,4698,Running contract
5669,3403,2026-09-11,71820,36,1995,Running contract
5154,993,2026-09-17,108720,60,1812,Running contract
7168,10645,2026-09-23,208332,36,5787,Running contract
5585,2988,2026-09-29,88608,12,7384,Running contract
7200,10799,2026-10-05,31140,60,519,Running contract
6539,7559,2026-10-11,12792,12,1066,Running contract
5774,3916,2026-10-17,96984,36,2694,Running contract
6357,6706,2026-10-23,64860,60,1081,Running contract
5042,330,2026-10-29,331584,48,6908,Running contract
5015,226,2026-11-04,109344,12,9112,Running contract
5354,2000,2026-11-10,290820,60,4847,Running contract
6054,5180,2026-11-16,58764,12,4897,Running contract
7295,11328,2026-11-22,280440,60,4674,Running contract
5365,2055,2026-11-28,271260,60,4521,Running contract
6755,8713,2026-12-04,170700,60,2845,Running contract
5991,4858,2026-12-10,335184,48,6983,Client `in` debt
7035,10005,2026-12-16,210744,36,5854,Running contract
5893,4467,2026-12-22,86184,36,2394,Running contract
7164,10613,2026-12-28,249792,48,5204,Running contract
5304,1718,2027-01-03,172272,24,7178,Running contract
5561,2910,2027-01-09,437460,60,7291,Running contract
5520,2699,2027-01-15,231168,48,4816,Running contract
5241,1389,2027-01-21,125472,24,5228,Running contract
7096,10257,2027-01-27,37812,12,3151,Running contract
6078,5283,2027-02-02,170832,48,3559,Running contract
5046,349,2027-02-08,42816,12,3568,Running contract
5334,1876,2027-02-14,209040,24,8710,Running contract
6969,9673,2027-02-20,88200,36,2450,Running contract
6821,9037,2027-02-26,321936,48,6707,Running contract
5760,3862,2027-03-03,74916,36,2081,Running contract
5614,3137,2027-03-09,253560,60,4226,Running contract
7091,10243,2027-03-15,113436,36,3151,Running contract
5698,3556,2027-03-21,174840,60,2914,Running contract
5169,1068,2027-03-27,253200,60,4220,Running contract
7294,11327,2027-04-02,39168,24,1632,Running contract
5318,1808,2027-04-08,385584,48,8033,Running contract
5368,2073,2027-04-14,44640,24,1860,Running contract
6923,9433,2027-04-20,44640,24,1860,Running contract
5463,2413,2027-04-26,17952,12,1496,Running contract
5265,1498,2027-05-02,165780,60,2763,Running contract
6321,6505,2027-05-08,38496,12,3208,Running contract
5226,1318,2027-05-14,185544,36,5154,Running contract
6868,9208,2027-05-20,82128,24,3422,Running contract
4967,37,2027-05-26,318480,60,5308,Client `in` debt
5293,1656,2027-06-01,189792,48,3954,Running contract
5865,4354,2027-06-07,327660,60,5461,Running contract
5841,4268,2027-06-13,41988,12,3499,Running contract
5526,2725,2027-06-19,69624,36,1934,Running contract
6852,9140,2027-06-25,16032,48,334,Running contract
6469,7180,2027-07-01,99744,24,4156,Running contract
6168,5698,2027-07-07,99216,36,2756,Running contract
7292,11317,2027-07-13,317460,60,5291,Running contract
5036,309,2027-07-19,91248,48,1901,Running contract
5644,3293,2027-07-25,276084,36,7669,Running contract
6856,9156,2027-07-31,163332,36,4537,Running contract
5428,2262,2027-08-06,230220,36,6395,Running contract
5027,276,2027-08-12,160920,36,4470,Running contract
4989,105,2027-08-18,352704,48,7348,Running contract
5221,1284,2027-08-24,52512,12,4376,Running contract
6402,6922,2027-08-30,139488,24,5812,Running contract
5346,1928,2027-09-05,55632,24,2318,Running contract
6748,8645,2027-09-11,240900,60,4015,Running contract
